[{"@type":"mappingTemplate","id":"@1","name":"Mapping_RESTV2","description":"","autoExpireObject":false,"bundleVersion":"0","assetFrsGuid":"506G0gthCk7dvGZOjJHo6b","templateId":"@3","hasParameters":false,"valid":true,"fixedConnection":true,"hasParametersDeployed":false,"fixedConnectionDeployed":false,"isSchemaValidationEnabled":false,"tasks":0,"mappingPreviewFileRecordId":"@2","documentType":"MAPPING","allowMaxFieldLength":false,"specialCharacterSupport":false,"references":[{"@type":"reference","refObjectId":"@1HY2rsVexHdc1sWkK13A0a","refType":"connection"},{"@type":"reference","refObjectId":"@fntyVyStNaLcC6cvS8jtKA","refType":"connection"}]}]